# ************************************************************
# Sequel Pro SQL dump
# Version 4541
#
# http://www.sequelpro.com/
# https://github.com/sequelpro/sequelpro
#
# Host: 127.0.0.1 (MySQL 5.7.23)
# Database: ChoreDatabase
# Generation Time: 2019-10-21 03:53:38 +0000
# ************************************************************


/*!40101 SET @OLD_CHARACTER_SET_CLIENT=@@CHARACTER_SET_CLIENT */;
/*!40101 SET @OLD_CHARACTER_SET_RESULTS=@@CHARACTER_SET_RESULTS */;
/*!40101 SET @OLD_COLLATION_CONNECTION=@@COLLATION_CONNECTION */;
/*!40101 SET NAMES utf8 */;
/*!40014 SET @OLD_FOREIGN_KEY_CHECKS=@@FOREIGN_KEY_CHECKS, FOREIGN_KEY_CHECKS=0 */;
/*!40101 SET @OLD_SQL_MODE=@@SQL_MODE, SQL_MODE='NO_AUTO_VALUE_ON_ZERO' */;
/*!40111 SET @OLD_SQL_NOTES=@@SQL_NOTES, SQL_NOTES=0 */;


# Dump of table child
# ------------------------------------------------------------

DROP TABLE IF EXISTS `child`;

CREATE TABLE `child` (
  `childId` int(11) NOT NULL AUTO_INCREMENT,
  `childFirstname` varchar(255) DEFAULT NULL,
  `childLastname` varchar(255) DEFAULT NULL,
  `childUserName` varchar(255) DEFAULT NULL,
  `parentId` int(100) DEFAULT NULL,
  PRIMARY KEY (`childId`),
  KEY `parentId` (`parentId`),
  CONSTRAINT `child_ibfk_1` FOREIGN KEY (`parentId`) REFERENCES `users` (`userId`) ON DELETE CASCADE ON UPDATE CASCADE
) ENGINE=InnoDB DEFAULT CHARSET=utf8;

LOCK TABLES `child` WRITE;
/*!40000 ALTER TABLE `child` DISABLE KEYS */;

INSERT INTO `child` (`childId`, `childFirstname`, `childLastname`, `childUserName`, `parentId`)
VALUES
	(1,'Madison','Kelly','C6V4',251),
	(2,'Liam','Sanders','K7C3',1),
	(3,'Noah','Price','C8K0',4),
	(4,'William','Bennett','S6Q8',2),
	(5,'James','Wood','D8N0',6),
	(6,'Oliver','Barnes','D5N9',5),
	(7,'Benjamin','Ross','N5X6',100),
	(8,'Elijah','Henderson','P7K6',2),
	(9,'Lucas','Coleman','R9W9',33),
	(10,'Mason','Jenkins','D4U9',175),
	(11,'Logan','Perry','A0K5',241),
	(12,'Alexander','Powell','U7C9',110),
	(13,'Ethan','Long','V6A9',45),
	(14,'Jacob','Patterson','A6E9',32),
	(15,'Michael','Hughes','J9A4',76),
	(16,'Daniel','Flores','J3N4',54),
	(17,'Henry','Washington','J6M6',97),
	(18,'Jackson','Butler','S0H0',90),
	(19,'Sebastian','Simmons','O4A5',231),
	(20,'Aiden','Foster','U7W9',222),
	(21,'Matthew','Gonzales','Q4Q2',45),
	(22,'Samuel','Bryant','I0S8',67),
	(23,'David','Alexander','Q6O2',89),
	(24,'Joseph','Russell','H1H8',119),
	(25,'Carter','Griffin','O7N9',210),
	(26,'Owen','Diaz','D8K8',83),
	(27,'Wyatt','Hayes','L7D7',41),
	(28,'John','Duenas','P6W1',67),
	(29,'Jack','Robinson','H5I4',96),
	(30,'Luke','Clark','Y4R2',55),
	(31,'Jayden','Rodriguez','Q4W2',33),
	(32,'Dylan','Lewis','P8C7',21),
	(33,'Grayson','Lee','V2F5',40),
	(34,'Levi','Walker','G1T8',243),
	(35,'Isaac','Hall','V7G9',211),
	(36,'Gabriel','Allen','F8J7',139),
	(37,'Julian','Young','I6T3',123),
	(38,'Mateo','Hernandez','L2Z0',141),
	(39,'Anthony','King','F3A2',71),
	(40,'Jaxon','Wright','T9F0',99),
	(41,'Lincoln','Lopez','E5R0',57),
	(42,'Joshua','Hill','Q3O5',213),
	(43,'Christopher','Scott','D5L5',77),
	(44,'Andrew','Green','C5N0',98),
	(45,'Theodore','Adams','W0H6',112),
	(46,'Caleb','Baker','U1C6',451),
	(47,'Ryan','Gonzalez','X9P5',143),
	(48,'Asher','Nelson','C8Q0',77),
	(49,'Nathan','Carter','W2G9',290),
	(50,'Thomas','Mitchell','L8N6',322),
	(51,'Leo','Perez','B5B4',487),
	(52,'Isaiah','Roberts','H7D8',36),
	(53,'Charles','Turner','Z7B3',499),
	(54,'Josiah','Phillips','T1U1',388),
	(55,'Hudson','Campbell','Q1T0',381),
	(56,'Christian','','V2R8',299),
	(57,'Hunter','','Y7M0',199),
	(58,'Connor','Simmons','X6C5',77),
	(59,'Eli','Foster','M3B1',483),
	(60,'Ezra','Gonzales','H5Q0',44),
	(61,'Aaron','Bryant','C1K5',467),
	(62,'Landon','Alexander','B2V9',106),
	(63,'Adrian','Russell','N1G6',261),
	(64,'Jonathan','Griffin','C4N6',271),
	(65,'Nolan','Diaz','W3A5',281),
	(66,'Jeremiah','Hayes','S3X1',291),
	(67,'Easton','Smith','G7Z9',93),
	(68,'Elias','Johnson','Q1K0',131),
	(69,'Colton','Williams','Z9P9',66),
	(70,'Cameron','Jones','K5D0',56),
	(71,'Carson','Brown','Z0D7',NULL),
	(72,'Robert','Davis','W7D2',NULL),
	(73,'Angel','Miller','K8Z1',NULL),
	(74,'Maverick','Wilson','W1O8',NULL),
	(75,'Nicholas','Moore','Q9A4',NULL),
	(76,'Dominic','Taylor','E0I1',NULL),
	(77,'Jaxson','Anderson','I7W8',NULL),
	(78,'Greyson','Thomas','U2C9',NULL),
	(79,'Adam','Jackson','Y3L7',NULL),
	(80,'Ian','White','B0K7',NULL),
	(81,'Austin','Harris','Q2O9',NULL),
	(82,'Santiago','Martin','S2I1',NULL),
	(83,'Jordan','Thompson','I1L5',NULL),
	(84,'Cooper','Garcia','G4L0',NULL),
	(85,'Brayden','Martinez','O3G6',NULL),
	(86,'Roman','Robinson','L7E9',NULL),
	(87,'Evan','Clark','K6A3',NULL),
	(88,'Ezekiel','Rodriguez','C4P0',NULL),
	(89,'Xavier','Lewis','N5S3',NULL),
	(90,'Jose','Lee','E0T8',NULL),
	(91,'Jace','Walker','S8E2',NULL),
	(92,'Jameson','Hall','Q8A2',NULL),
	(93,'Leonardo','Allen','R7L2',NULL),
	(94,'Bryson','Young','M0R4',NULL),
	(95,'Axel','Hernandez','L1C1',NULL),
	(96,'Everett','King','Q9X3',NULL),
	(97,'Parker','Wright','I6I2',NULL),
	(98,'Kayden','Lopez','I0U7',NULL),
	(99,'Miles','Hill','G1S9',NULL),
	(100,'Sawyer','Scott','W8Z3',NULL),
	(101,'Jason','Green','V2B6',NULL),
	(102,'Craig','Adams','D4V2',NULL),
	(103,'Emma','Baker','B6K5',NULL),
	(104,'Olivia','Gonzalez','N0K9',NULL),
	(105,'Ava','Nelson','S0M9',NULL),
	(106,'Isabella','Carter','I2O4',NULL),
	(107,'Sophia','Mitchell','C6B3',NULL),
	(108,'Charlotte','Perez','W5C1',NULL),
	(109,'Mia','Roberts','J1Y3',NULL),
	(110,'Amelia','Turner','H8I6',NULL),
	(111,'Harper','Phillips','P3E1',NULL),
	(112,'Evelyn','Campbell','Z0F7',NULL),
	(113,'Abigail','Parker','R2X6',NULL),
	(114,'Emily','Evans','C7N6',NULL),
	(115,'Elizabeth','Edwards','D8I7',NULL),
	(116,'Mila','Collins','W9D1',NULL),
	(117,'Ella','Stewart','B3C3',NULL),
	(118,'Avery','Sanchez','Z6O7',NULL),
	(119,'Sofia','Morris','J6Z6',NULL),
	(120,'Camila','Rogers','F3V5',NULL),
	(121,'Aria','Reed','A5Z6',NULL),
	(122,'Scarlett','Cook','Y3L5',NULL),
	(123,'Victoria','Morgan','H0G5',NULL),
	(124,'Madison','Bell','I2N9',NULL),
	(125,'Luna','Murphy','T2C5',NULL),
	(126,'Grace','Bailey','I1U1',NULL),
	(127,'Chloe','Rivera','H7D4',NULL),
	(128,'Penelope','Cooper','Z3U2',NULL),
	(129,'Layla','Richardson','C1N6',NULL),
	(130,'Riley','Cox','Z0W1',NULL),
	(131,'Zoey','Howard','P2A0',NULL),
	(132,'Nora','Ward','N0X4',NULL),
	(133,'Lily','Torres','V4Z1',NULL),
	(134,'Eleanor','Peterson','V6X1',NULL),
	(135,'Hannah','Gray','E9A3',NULL),
	(136,'Lillian','Ramirez','O4R3',NULL),
	(137,'Addison','James','J0J5',NULL),
	(138,'Aubrey','Watson','X9B4',NULL),
	(139,'Ellie','Brooks','J9I5',NULL),
	(140,'Stella','Kelly','Z5M1',NULL),
	(141,'Natalie','Sanders','P3Y7',NULL),
	(142,'Zoe','Price','R8C4',NULL),
	(143,'Leah','Bennett','X3X8',NULL),
	(144,'Hazel','Wood','D3A1',NULL),
	(145,'Violet','Barnes','Y4S4',NULL),
	(146,'Aurora','Ross','Z5S7',NULL),
	(147,'Savannah','Henderson','R6A7',NULL),
	(148,'Audrey','Coleman','I7W5',NULL),
	(149,'Brooklyn','Jenkins','C6Q2',NULL),
	(150,'Bella','Perry','H7E9',NULL),
	(151,'Claire','Powell','Y1W7',NULL),
	(152,'Skylar','Long','D6Z2',NULL),
	(153,'Lucy','Patterson','Q8B9',NULL),
	(154,'Paisley','Hughes','L6E4',NULL),
	(155,'Everly','Flores','Y1I7',NULL),
	(156,'Anna','Washington','L2C4',NULL),
	(157,'Caroline','Butler','D2Q5',NULL),
	(158,'Nova','Simmons','O4O6',NULL),
	(159,'Genesis','Foster','K0D4',NULL),
	(160,'Emilia','Gonzales','Z3V4',NULL),
	(161,'Kennedy','Bryant','R5C4',NULL),
	(162,'Samantha','Alexander','X0D3',NULL),
	(163,'Maya','Russell','D5B7',NULL),
	(164,'Willow','Griffin','V0W3',NULL),
	(165,'Kinsley','Diaz','L9Z4',NULL),
	(166,'Naomi','Hayes','Q5E8',NULL),
	(167,'Aaliyah','Smith','U2N3',NULL),
	(168,'Elena','Johnson','D2U8',NULL),
	(169,'Sarah','Williams','S9G0',NULL),
	(170,'Ariana','Jones','H7C8',NULL),
	(171,'Allison','Brown','N0L2',NULL),
	(172,'Gabriella','Davis','D6A7',NULL),
	(173,'Alice','Miller','G2F6',NULL),
	(174,'Madelyn','Wilson','O1B7',NULL),
	(175,'Cora','Moore','Q5E2',NULL),
	(176,'Ruby','Taylor','F8J0',NULL),
	(177,'Eva','Anderson','U2Z4',NULL),
	(178,'Serenity','Thomas','S6I9',NULL),
	(179,'Autumn','Jackson','P2T8',NULL),
	(180,'Adeline','White','B9N1',NULL),
	(181,'Hailey','Harris','B3L6',NULL),
	(182,'Gianna','Martin','Y3T2',NULL),
	(183,'Valentina','Thompson','T7N8',NULL),
	(184,'Isla','Garcia','L3O0',NULL),
	(185,'Eliana','Martinez','W7S3',NULL),
	(186,'Quinn','Robinson','W1I7',NULL),
	(187,'Nevaeh','Clark','J4T5',NULL),
	(188,'Ivy','Rodriguez','L0D9',NULL),
	(189,'Sadie','Lewis','R8Z8',NULL),
	(190,'Piper','Lee','T4C8',NULL),
	(191,'Lydia','Walker','J3P2',NULL),
	(192,'Alexa','Hall','P9Q4',NULL),
	(193,'Josephine','Allen','H0X5',NULL),
	(194,'Emery','Young','Q4Y7',NULL),
	(195,'Julia','Hernandez','R8N7',NULL),
	(196,'Delilah','King','P8C4',NULL),
	(197,'Arianna','Wright','G6S7',NULL),
	(198,'Vivian','Lopez','O5N9',NULL),
	(199,'Kaylee','Hill','Y0L9',NULL),
	(200,'Sophie','Scott','S2A3',3),
	(201,'Brielle','Green','V9H1',NULL),
	(202,'Madeline','Adams','O6I2',NULL),
	(203,'Ace','Baker','Y1S9',NULL),
	(204,'Madison','Gonzalez','X9F0',NULL),
	(205,'Liam','Nelson','B1I3',NULL),
	(206,'Noah','Carter','V9C5',NULL),
	(207,'William','Mitchell','N5X0',NULL),
	(208,'James','Perez','M0H8',NULL),
	(209,'Oliver','Roberts','Q3M9',NULL),
	(210,'Benjamin','Turner','I7W8',NULL),
	(211,'Elijah','Phillips','C8X4',NULL),
	(212,'Lucas','Campbell','R0A7',NULL),
	(213,'Mason','Parker','D3J5',NULL),
	(214,'Logan','Evans','V0M7',NULL),
	(215,'Alexander','Edwards','O0O5',NULL),
	(216,'Ethan','Collins','Q5T3',NULL),
	(217,'Jacob','Stewart','U4S5',NULL),
	(218,'Michael','Sanchez','Q9F7',NULL),
	(219,'Daniel','Morris','V0C6',NULL),
	(220,'Henry','Rogers','H6N5',NULL),
	(221,'Jackson','Reed','H1M1',NULL),
	(222,'Sebastian','Cook','H9I8',NULL),
	(223,'Aiden','Morgan','H7C2',NULL),
	(224,'Matthew','Bell','S5A6',NULL),
	(225,'Samuel','Murphy','X0Y7',NULL),
	(226,'David','Bailey','B4Y1',NULL),
	(227,'Joseph','Rivera','Z6Q0',NULL),
	(228,'Carter','Cooper','K8Q9',NULL),
	(229,'Owen','Richardson','G6N9',NULL),
	(230,'Wyatt','Cox','R8T6',NULL),
	(231,'John','Howard','F1P3',NULL),
	(232,'Jack','Ward','A8X8',NULL),
	(233,'Luke','Torres','W3C2',502),
	(234,'Jayden','Peterson','O9E6',NULL),
	(235,'Dylan','Gray','E0I7',NULL),
	(236,'Grayson','Ramirez','U6O4',NULL),
	(237,'Levi','James','K2Z0',NULL),
	(238,'Isaac','Watson','O4J9',NULL),
	(239,'Gabriel','Brooks','F3L8',NULL),
	(240,'Julian','Kelly','V2N8',NULL),
	(241,'Mateo','Sanders','B7U1',NULL),
	(242,'Anthony','Price','U9N6',NULL),
	(243,'Jaxon','Bennett','W6W5',NULL),
	(244,'Lincoln','Wood','X2R6',NULL),
	(245,'Joshua','Barnes','I4O5',NULL),
	(246,'Christopher','Ross','J0D3',NULL),
	(247,'Andrew','Henderson','C2G9',NULL),
	(248,'Theodore','Coleman','Y3T7',NULL),
	(249,'Caleb','Jenkins','W5U0',NULL),
	(250,'Ryan','Perry','D1J5',NULL),
	(251,'John','Jacobs','D12D',NULL),
	(264,'Steve','Harrington','ST3V3',256),
	(265,'Steve','Harrington','ST3V3',256),
	(266,'Jacob','Jingles','Jin3QR3',502),
	(267,'Jacob','Jingles','Jin3QR3',502),
	(268,'Jackson','Massar','I8TV3',77),
	(269,'Jackson','Massar','I8TV3',77),
	(270,'Jose','Rameriez','RJ032',90),
	(271,'Gary','Joe','8YR33Q',90),
	(272,'Charles','Hudson Jr','7EYF9U',55),
	(273,'George','OfTheJungle','8UI09LP',55),
	(274,'Ivan','Bruno','IV1IN',55),
	(275,'Stephanie','DUenas','ST3PH',45),
	(276,'Levi','Duenas','L3V1',502),
	(277,'Alevia','Duenas','Al3V1',3);

/*!40000 ALTER TABLE `child` ENABLE KEYS */;
UNLOCK TABLES;


# Dump of table ChoreCategories
# ------------------------------------------------------------

DROP TABLE IF EXISTS `ChoreCategories`;

CREATE TABLE `ChoreCategories` (
  `choreId` int(11) NOT NULL,
  `choreCategories` varchar(45) NOT NULL DEFAULT '',
  PRIMARY KEY (`choreId`)
) ENGINE=InnoDB DEFAULT CHARSET=utf8;

LOCK TABLES `ChoreCategories` WRITE;
/*!40000 ALTER TABLE `ChoreCategories` DISABLE KEYS */;

INSERT INTO `ChoreCategories` (`choreId`, `choreCategories`)
VALUES
	(1,'Personal Responsibility'),
	(2,'Household Resonsibility'),
	(3,'School'),
	(4,'Work'),
	(5,'Other');

/*!40000 ALTER TABLE `ChoreCategories` ENABLE KEYS */;
UNLOCK TABLES;


# Dump of table choreDescriptions
# ------------------------------------------------------------

DROP TABLE IF EXISTS `choreDescriptions`;

CREATE TABLE `choreDescriptions` (
  `descriptionId` int(11) NOT NULL,
  `choreDescriptions` varchar(300) NOT NULL DEFAULT '',
  PRIMARY KEY (`descriptionId`)
) ENGINE=InnoDB DEFAULT CHARSET=utf8;

LOCK TABLES `choreDescriptions` WRITE;
/*!40000 ALTER TABLE `choreDescriptions` DISABLE KEYS */;

INSERT INTO `choreDescriptions` (`descriptionId`, `choreDescriptions`)
VALUES
	(1,'Sort laundry separating darks and whites'),
	(2,'Gather dirty clothes and take to laundry room'),
	(3,'Use a Swiffer on floors'),
	(4,'Comb or brush pets (gently with instruction)'),
	(5,'Pickup toys'),
	(6,'Make bed (pull blankets up and neaten things)'),
	(7,'Wipe down baseboards'),
	(8,'Help feed pets'),
	(9,'Put clean clothing away'),
	(10,'Dust low surfaces'),
	(11,'Set the table for meals'),
	(12,'Match socks'),
	(13,'Fold washcloths'),
	(14,'Vacuum'),
	(15,'Wipe down counters'),
	(16,'Start laundry'),
	(17,'Swap laundry from washer to dryer'),
	(18,'Clean toilets'),
	(19,'Sweep'),
	(20,'Load the dishwasher'),
	(21,'Unload the dishwasher'),
	(22,'Clean the refrigerator'),
	(23,'Take out the trash'),
	(24,'Clean windows'),
	(25,'Clean mirrors'),
	(26,'Sort and take out recycling'),
	(27,'Fold laundry'),
	(28,'Water plants or garden'),
	(29,'Pick produce from garden'),
	(30,'Weed garden'),
	(31,'Rake leaves'),
	(32,'Clean toilet'),
	(33,'Wipe down cabinets'),
	(34,'Assist with food prep (chop, mix, watch as needed and able)'),
	(35,'Groom pets'),
	(36,'Take dog for a walk as needed'),
	(37,'Scoop litter pans'),
	(38,'Change linens on their bed'),
	(39,'Get the mail'),
	(40,'Clean microwave'),
	(41,'Wipe down stove top (when cooled)'),
	(42,'Clean kitchen sink'),
	(43,'Wipe down kitchen counters'),
	(44,'Prepare basic meals like boxed items, reheat frozen items, etc.'),
	(45,'Assist younger siblings with baths'),
	(46,'Assist younger siblings with getting dressed each day'),
	(47,'Wash and dry clothing'),
	(48,'Mop floors'),
	(49,'Clean ceiling fans'),
	(50,'Dust higher shelves'),
	(51,'Wash pots and pans (or other items that don’t go in the dishwasher)'),
	(52,'Help mow the lawn'),
	(53,'Gather limbs and wood for the fireplace'),
	(54,'Change out batteries in smoke detectors'),
	(55,'Organize the pantry'),
	(56,'Clean out the freezer'),
	(57,'Clean bathroom tub or shower'),
	(58,'Clean out the car'),
	(59,'Vacuum the car'),
	(60,'Prepare lunches for school'),
	(61,'Put groceries away'),
	(62,'Feed younger siblings'),
	(63,'Change younger siblings diapers or help with toddler potty time'),
	(64,'Sanitize door knobs, handles, light switches and other commonly touched surfaces'),
	(65,'Sweep front or back porch'),
	(66,'Help plant a garden'),
	(67,'Clip coupons'),
	(68,'Pick clothing for he next day for themselves and younger siblings'),
	(69,'Help with younger siblings bath time'),
	(70,'Bake cookies, cakes, brownies or simple breads'),
	(71,'Wash and prep fruits and vegetables for lunch box, breakfast or meals'),
	(72,'Straighten the living room or family room'),
	(73,'Dust coffee tables, end tables and pictures'),
	(74,'Mow the lawn'),
	(75,'Use the weed whacker or pull weeds'),
	(76,'Wash the car'),
	(77,'Run errands for parents'),
	(78,'Make a menu plan'),
	(79,'Make a grocery list'),
	(80,'Go shopping for groceries'),
	(81,'Handle pool care (testing, cleaning, etc.)'),
	(82,'Clean outdoor furniture and grill'),
	(83,'Babysit younger siblings'),
	(84,'Check younger siblings homework'),
	(85,'Clean out garage'),
	(86,'Clean out attic'),
	(87,'Trim hedges'),
	(88,'Clean the family office (dust, organize, empty trash, etc.)'),
	(89,'Paint or do minor household repairs (change light bulbs, add caulk around sinks, etc.)'),
	(90,'Create the family budget'),
	(91,'Change the oil in their car or family car'),
	(92,'Take vehicles for basic maintenance checkups (tire rotation, tune up, etc.)'),
	(93,'Wax the car'),
	(94,'Take siblings to the library'),
	(95,'Iron clothes'),
	(96,'Drop off and pick up dry cleaning'),
	(97,'Wash outside windows'),
	(98,'Use power washer to clean mold/mildew from outside of the home'),
	(99,'Empty cat litter pans'),
	(100,'Clean the stove');

/*!40000 ALTER TABLE `choreDescriptions` ENABLE KEYS */;
UNLOCK TABLES;


# Dump of table choreLog
# ------------------------------------------------------------

DROP TABLE IF EXISTS `choreLog`;

CREATE TABLE `choreLog` (
  `id` int(11) unsigned NOT NULL AUTO_INCREMENT,
  `choreCategory` int(11) NOT NULL,
  `choreDescription` int(11) NOT NULL,
  `childUsername` int(255) NOT NULL,
  `username` int(100) DEFAULT NULL,
  PRIMARY KEY (`id`),
  KEY `choreCategory` (`choreCategory`),
  KEY `choreDescription` (`choreDescription`),
  KEY `childUsername` (`childUsername`),
  KEY `username` (`username`),
  CONSTRAINT `chorelog_ibfk_1` FOREIGN KEY (`choreCategory`) REFERENCES `ChoreCategories` (`choreId`) ON DELETE CASCADE ON UPDATE CASCADE,
  CONSTRAINT `chorelog_ibfk_2` FOREIGN KEY (`choreDescription`) REFERENCES `choreDescriptions` (`descriptionId`) ON DELETE CASCADE ON UPDATE CASCADE,
  CONSTRAINT `chorelog_ibfk_3` FOREIGN KEY (`childUsername`) REFERENCES `child` (`childId`) ON DELETE CASCADE ON UPDATE CASCADE,
  CONSTRAINT `chorelog_ibfk_4` FOREIGN KEY (`username`) REFERENCES `users` (`userId`) ON DELETE CASCADE ON UPDATE CASCADE
) ENGINE=InnoDB DEFAULT CHARSET=utf8;

LOCK TABLES `choreLog` WRITE;
/*!40000 ALTER TABLE `choreLog` DISABLE KEYS */;

INSERT INTO `choreLog` (`id`, `choreCategory`, `choreDescription`, `childUsername`, `username`)
VALUES
	(1,1,25,233,502),
	(2,2,88,233,502),
	(3,2,85,200,3),
	(4,1,30,200,3),
	(5,3,48,200,3);

/*!40000 ALTER TABLE `choreLog` ENABLE KEYS */;
UNLOCK TABLES;


# Dump of table users
# ------------------------------------------------------------

DROP TABLE IF EXISTS `users`;

CREATE TABLE `users` (
  `userId` int(11) NOT NULL,
  `firstName` varchar(50) NOT NULL DEFAULT '',
  `lastName` varchar(50) NOT NULL DEFAULT '',
  `userEmail` varchar(150) NOT NULL DEFAULT '',
  `username` varchar(100) NOT NULL DEFAULT '',
  `userPassword` varchar(100) NOT NULL DEFAULT '',
  `childs_id` int(100) DEFAULT NULL,
  PRIMARY KEY (`userId`),
  KEY `childs_id` (`childs_id`),
  CONSTRAINT `users_ibfk_1` FOREIGN KEY (`childs_id`) REFERENCES `child` (`childId`) ON DELETE CASCADE ON UPDATE CASCADE
) ENGINE=InnoDB DEFAULT CHARSET=utf8;

LOCK TABLES `users` WRITE;
/*!40000 ALTER TABLE `users` DISABLE KEYS */;

INSERT INTO `users` (`userId`, `firstName`, `lastName`, `userEmail`, `username`, `userPassword`, `childs_id`)
VALUES
	(0,'','','','','',NULL),
	(1,'Madison','Smith','masmith@gmail.com','CB9C3044','password',2),
	(2,'Liam','Johnson','lijohnson@gmail.com','051EBB36','password',8),
	(3,'Noah','Williams','nowilliams@gmail.com','ED5269AF','password',200),
	(4,'William','Jones','wijones@gmail.com','10B23A5D','password',3),
	(5,'James','Brown','jabrown@gmail.com','EF09DCEB','password',6),
	(6,'Oliver','Davis','oldavis@gmail.com','1B998E89','password',5),
	(7,'Benjamin','Miller','bemiller@gmail.com','45E93626','password',NULL),
	(8,'Elijah','Wilson','elwilson@gmail.com','4D3B9683','password',NULL),
	(9,'Lucas','Moore','lumoore@gmail.com','6A22203B','password',NULL),
	(10,'Mason','Taylor','mataylor@gmail.com','39C83AED','password',NULL),
	(11,'Logan','Anderson','loanderson@gmail.com','37D03A66','password',NULL),
	(12,'Alexander','Thomas','althomas@gmail.com','F0C8C996','password',NULL),
	(13,'Ethan','Jackson','etjackson@gmail.com','254ECC46','password',NULL),
	(14,'Jacob','White','jawhite@gmail.com','94D2DCFA','password',NULL),
	(15,'Michael','Harris','miharris@gmail.com','2A0ADDE8','password',NULL),
	(16,'Daniel','Martin','damartin@gmail.com','0A160A3E','password',NULL),
	(17,'Henry','Thompson','hethompson@gmail.com','290D9288','password',NULL),
	(18,'Jackson','Garcia','jagarcia@gmail.com','363CE501','password',NULL),
	(19,'Sebastian','Martinez','semartinez@gmail.com','4FD4F191','password',NULL),
	(20,'Aiden','Robinson','airobinson@gmail.com','5C9E15B5','password',NULL),
	(21,'Matthew','Clark','maclark@gmail.com','CACF7B2B','password',32),
	(22,'Samuel','Rodriguez','sarodriguez@gmail.com','4E428494','password',NULL),
	(23,'David','Lewis','dalewis@gmail.com','C7312FDD','password',NULL),
	(24,'Joseph','Lee','jolee@gmail.com','AA11E6D6','password',NULL),
	(25,'Carter','Walker','cawalker@gmail.com','2C1EEE4C','password',NULL),
	(26,'Owen','Hall','owhall@gmail.com','06C72875','password',NULL),
	(27,'Wyatt','Allen','wyallen@gmail.com','1D974C9C','password',NULL),
	(28,'John','Young','joyoung@gmail.com','1A627927','password',NULL),
	(29,'Jack','Hernandez','jahernandez@gmail.com','F84E4C89','password',NULL),
	(30,'Luke','King','luking@gmail.com','51E7066A','password',NULL),
	(31,'Jayden','Wright','jawright@gmail.com','692396D6','password',NULL),
	(32,'Dylan','Lopez','dylopez@gmail.com','9C8E9CA0','password',14),
	(33,'Grayson','Hill','grhill@gmail.com','D33117F9','password',31),
	(34,'Levi','Scott','lescott@gmail.com','BF7DBAC5','password',NULL),
	(35,'Isaac','Green','isgreen@gmail.com','CEEA2972','password',NULL),
	(36,'Gabriel','Adams','gaadams@gmail.com','6EA6DB6D','password',52),
	(37,'Julian','Baker','jubaker@gmail.com','F9A1AA8D','password',NULL),
	(38,'Mateo','Gonzalez','magonzalez@gmail.com','BD33F308','password',NULL),
	(39,'Anthony','Nelson','annelson@gmail.com','014FA9B5','password',NULL),
	(40,'Jaxon','Carter','jacarter@gmail.com','97B96E00','password',33),
	(41,'Lincoln','Mitchell','limitchell@gmail.com','2AD5820E','password',27),
	(42,'Joshua','Perez','joperez@gmail.com','C4E62B9C','password',NULL),
	(43,'Christopher','Roberts','chroberts@gmail.com','FB89995B','password',NULL),
	(44,'Andrew','Turner','anturner@gmail.com','02983FF2','password',60),
	(45,'Theodore','Phillips','thphillips@gmail.com','0FC21567','password',21),
	(46,'Caleb','Campbell','cacampbell@gmail.com','E5767BA0','password',NULL),
	(47,'Ryan','Parker','ryparker@gmail.com','01A83785','password',NULL),
	(48,'Asher','Evans','asevans@gmail.com','14AB0335','password',NULL),
	(49,'Nathan','Edwards','naedwards@gmail.com','FC143E57','password',NULL),
	(50,'Thomas','Collins','thcollins@gmail.com','C25B71C5','password',NULL),
	(51,'Leo','Stewart','lestewart@gmail.com','B6CBEFD0','password',NULL),
	(52,'Isaiah','Sanchez','issanchez@gmail.com','103F5637','password',NULL),
	(53,'Charles','Morris','chmorris@gmail.com','127C32E9','password',NULL),
	(54,'Josiah','Rogers','jorogers@gmail.com','9E7E0154','password',16),
	(55,'Hudson','Reed','hureed@gmail.com','ED685B60','password',30),
	(56,'Christian','Cook','chcook@gmail.com','4E08F769','password',70),
	(57,'Hunter','Morgan','humorgan@gmail.com','8C500C04','password',41),
	(58,'Connor','Bell','cobell@gmail.com','47387CE3','password',NULL),
	(59,'Eli','Murphy','elmurphy@gmail.com','AFB6D215','password',NULL),
	(60,'Ezra','Bailey','ezbailey@gmail.com','5DC40A2E','password',NULL),
	(61,'Aaron','Rivera','aarivera@gmail.com','22C6DFCE','password',NULL),
	(62,'Landon','Cooper','lacooper@gmail.com','BC88A563','password',NULL),
	(63,'Adrian','Richardson','adrichardson@gmail.com','E0BA8997','password',NULL),
	(64,'Jonathan','Cox','jocox@gmail.com','6A2B6AD3','password',NULL),
	(65,'Nolan','Howard','nohoward@gmail.com','5E4E68F2','password',NULL),
	(66,'Jeremiah','Ward','jeward@gmail.com','43C6C447','password',69),
	(67,'Easton','Torres','eatorres@gmail.com','C07847DA','password',28),
	(68,'Elias','Peterson','elpeterson@gmail.com','D0B51429','password',NULL),
	(69,'Colton','Gray','cogray@gmail.com','DEBD3F18','password',NULL),
	(70,'Cameron','Ramirez','caramirez@gmail.com','2A73D99B','password',NULL),
	(71,'Carson','James','cajames@gmail.com','9043A152','password',39),
	(72,'Robert','Watson','rowatson@gmail.com','B9C69222','password',NULL),
	(73,'Angel','Brooks','anbrooks@gmail.com','8563A0A0','password',NULL),
	(74,'Maverick','Kelly','makelly@gmail.com','DEF0D7F7','password',NULL),
	(75,'Nicholas','Sanders','nisanders@gmail.com','8E43CB5B','password',NULL),
	(76,'Dominic','Price','doprice@gmail.com','A2538816','password',15),
	(77,'Jaxson','Bennett','jabennett@gmail.com','C83CC9F0','password',58),
	(78,'Greyson','Wood','grwood@gmail.com','2D30F027','password',NULL),
	(79,'Adam','Barnes','adbarnes@gmail.com','8191FBB3','password',NULL),
	(80,'Ian','Ross','iaross@gmail.com','34184529','password',NULL),
	(81,'Austin','Henderson','auhenderson@gmail.com','5BC2DDBE','password',NULL),
	(82,'Santiago','Coleman','sacoleman@gmail.com','5DB8EFA4','password',NULL),
	(83,'Jordan','Jenkins','jojenkins@gmail.com','1A9358E0','password',26),
	(84,'Cooper','Perry','coperry@gmail.com','7DE26747','password',NULL),
	(85,'Brayden','Powell','brpowell@gmail.com','CF275F20','password',NULL),
	(86,'Roman','Long','rolong@gmail.com','AD7DAB0C','password',NULL),
	(87,'Evan','Patterson','evpatterson@gmail.com','7D707B9C','password',NULL),
	(88,'Ezekiel','Hughes','ezhughes@gmail.com','9999915A','password',NULL),
	(89,'Xavier','Flores','xaflores@gmail.com','ACF23876','password',23),
	(90,'Jose','Washington','jowashington@gmail.com','15737C0B','password',18),
	(91,'Jace','Butler','jabutler@gmail.com','66CC7EAE','password',NULL),
	(92,'Jameson','Simmons','jasimmons@gmail.com','11FA2E5F','password',NULL),
	(93,'Leonardo','Foster','lefoster@gmail.com','304954AF','password',67),
	(94,'Bryson','Gonzales','brgonzales@gmail.com','A0E0CCFC','password',NULL),
	(95,'Axel','Bryant','axbryant@gmail.com','7D1D9F38','password',NULL),
	(96,'Everett','Alexander','evalexander@gmail.com','E634476B','password',29),
	(97,'Parker','Russell','parussell@gmail.com','A562C785','password',17),
	(98,'Kayden','Griffin','kagriffin@gmail.com','A1C5B590','password',44),
	(99,'Miles','Diaz','midiaz@gmail.com','8B496DB4','password',40),
	(100,'Sawyer','Hayes','sahayes@gmail.com','DDE06688','password',7),
	(101,'Jason','Smith','jasmith@gmail.com','19E38653','password',NULL),
	(102,'Craig','Johnson','crjohnson@gmail.com','EAEAA849','password',NULL),
	(103,'Emma','Williams','emwilliams@gmail.com','93668DD5','password',NULL),
	(104,'Olivia','Jones','oljones@gmail.com','FBFC8C9E','password',NULL),
	(105,'Ava','Brown','avbrown@gmail.com','182CAFD2','password',NULL),
	(106,'Isabella','Davis','isdavis@gmail.com','D7682D79','password',62),
	(107,'Sophia','Miller','somiller@gmail.com','E2C60894','password',NULL),
	(108,'Charlotte','Wilson','chwilson@gmail.com','43E3352A','password',NULL),
	(109,'Mia','Moore','mimoore@gmail.com','C6D96620','password',NULL),
	(110,'Amelia','Taylor','amtaylor@gmail.com','4FB9B064','password',12),
	(111,'Harper','Anderson','haanderson@gmail.com','92A62A47','password',NULL),
	(112,'Evelyn','Thomas','evthomas@gmail.com','AF6E6A93','password',45),
	(113,'Abigail','Jackson','abjackson@gmail.com','EBEF34CA','password',NULL),
	(114,'Emily','White','emwhite@gmail.com','2CAD5C3A','password',NULL),
	(115,'Elizabeth','Harris','elharris@gmail.com','2B30F510','password',NULL),
	(116,'Mila','Martin','mimartin@gmail.com','29B8EBA1','password',NULL),
	(117,'Ella','Thompson','elthompson@gmail.com','01830C14','password',NULL),
	(118,'Avery','Garcia','avgarcia@gmail.com','50C3081E','password',NULL),
	(119,'Sofia','Martinez','somartinez@gmail.com','70A820B7','password',24),
	(120,'Camila','Robinson','carobinson@gmail.com','9E2F5F0F','password',NULL),
	(121,'Aria','Clark','arclark@gmail.com','BFD4C78D','password',NULL),
	(122,'Scarlett','Rodriguez','scrodriguez@gmail.com','90CC338B','password',NULL),
	(123,'Victoria','Lewis','vilewis@gmail.com','BCE0AA7C','password',37),
	(124,'Madison','Lee','malee@gmail.com','AFE39850','password',NULL),
	(125,'Luna','Walker','luwalker@gmail.com','3F234777','password',NULL),
	(126,'Grace','Hall','grhall@gmail.com','0CDF1302','password',NULL),
	(127,'Chloe','Allen','challen@gmail.com','A96FF753','password',NULL),
	(128,'Penelope','Young','peyoung@gmail.com','7953EC33','password',NULL),
	(129,'Layla','Hernandez','lahernandez@gmail.com','19BB1802','password',NULL),
	(130,'Riley','King','riking@gmail.com','EAEEAD27','password',NULL),
	(131,'Zoey','Wright','zowright@gmail.com','392C82AA','password',68),
	(132,'Nora','Lopez','nolopez@gmail.com','C9189535','password',NULL),
	(133,'Lily','Hill','lihill@gmail.com','C501AC57','password',NULL),
	(134,'Eleanor','Scott','elscott@gmail.com','7C9A054B','password',NULL),
	(135,'Hannah','Green','hagreen@gmail.com','21E41F46','password',NULL),
	(136,'Lillian','Adams','liadams@gmail.com','AC292830','password',NULL),
	(137,'Addison','Baker','adbaker@gmail.com','AE7F2453','password',NULL),
	(138,'Aubrey','Gonzalez','augonzalez@gmail.com','BA045A88','password',NULL),
	(139,'Ellie','Nelson','elnelson@gmail.com','5169C91E','password',36),
	(140,'Stella','Carter','stcarter@gmail.com','BAAC18A9','password',NULL),
	(141,'Natalie','Mitchell','namitchell@gmail.com','8828A67F','password',38),
	(142,'Zoe','Perez','zoperez@gmail.com','A3C87274','password',NULL),
	(143,'Leah','Roberts','leroberts@gmail.com','4B5D0415','password',47),
	(144,'Hazel','Turner','haturner@gmail.com','88824D60','password',NULL),
	(145,'Violet','Phillips','viphillips@gmail.com','956D4800','password',NULL),
	(146,'Aurora','Campbell','aucampbell@gmail.com','8E58F61D','password',NULL),
	(147,'Savannah','Parker','saparker@gmail.com','874CCCC9','password',NULL),
	(148,'Audrey','Evans','auevans@gmail.com','CF00C55E','password',NULL),
	(149,'Brooklyn','Edwards','bredwards@gmail.com','B8C7867C','password',NULL),
	(150,'Bella','Collins','becollins@gmail.com','915FDE91','password',NULL),
	(151,'Claire','Stewart','clstewart@gmail.com','89181AB3','password',NULL),
	(152,'Skylar','Sanchez','sksanchez@gmail.com','618A4ADC','password',NULL),
	(153,'Lucy','Morris','lumorris@gmail.com','77D54E22','password',NULL),
	(154,'Paisley','Rogers','parogers@gmail.com','55EEF22D','password',NULL),
	(155,'Everly','Reed','evreed@gmail.com','07ADEDFD','password',NULL),
	(156,'Anna','Cook','ancook@gmail.com','C2FB3A2D','password',NULL),
	(157,'Caroline','Morgan','camorgan@gmail.com','2A389443','password',NULL),
	(158,'Nova','Bell','nobell@gmail.com','46934EBA','password',NULL),
	(159,'Genesis','Murphy','gemurphy@gmail.com','188EF2BA','password',NULL),
	(160,'Emilia','Bailey','embailey@gmail.com','3E1953A7','password',NULL),
	(161,'Kennedy','Rivera','kerivera@gmail.com','0DC27F3A','password',NULL),
	(162,'Samantha','Cooper','sacooper@gmail.com','B49E08CB','password',NULL),
	(163,'Maya','Richardson','marichardson@gmail.com','00B2AF0C','password',NULL),
	(164,'Willow','Cox','wicox@gmail.com','B779A252','password',NULL),
	(165,'Kinsley','Howard','kihoward@gmail.com','08AB1DE7','password',NULL),
	(166,'Naomi','Ward','naward@gmail.com','DE33D723','password',NULL),
	(167,'Aaliyah','Torres','aatorres@gmail.com','FDB245C6','password',NULL),
	(168,'Elena','Peterson','elpeterson@gmail.com','0B8E6EDD','password',NULL),
	(169,'Sarah','Gray','sagray@gmail.com','78D7B1F9','password',NULL),
	(170,'Ariana','Ramirez','arramirez@gmail.com','E0F5CDE8','password',NULL),
	(171,'Allison','James','aljames@gmail.com','145AC593','password',NULL),
	(172,'Gabriella','Watson','gawatson@gmail.com','AFCF4515','password',NULL),
	(173,'Alice','Brooks','albrooks@gmail.com','8D7186C3','password',NULL),
	(174,'Madelyn','Kelly','makelly@gmail.com','8D552CD0','password',NULL),
	(175,'Cora','Sanders','cosanders@gmail.com','B40908F8','password',10),
	(176,'Ruby','Price','ruprice@gmail.com','7A2D0823','password',NULL),
	(177,'Eva','Bennett','evbennett@gmail.com','4E4F5B84','password',NULL),
	(178,'Serenity','Wood','sewood@gmail.com','BEE43B85','password',NULL),
	(179,'Autumn','Barnes','aubarnes@gmail.com','C8712878','password',NULL),
	(180,'Adeline','Ross','adross@gmail.com','E644165E','password',NULL),
	(181,'Hailey','Henderson','hahenderson@gmail.com','A2F35A3C','password',NULL),
	(182,'Gianna','Coleman','gicoleman@gmail.com','5636350D','password',NULL),
	(183,'Valentina','Jenkins','vajenkins@gmail.com','A5B379C2','password',NULL),
	(184,'Isla','Perry','isperry@gmail.com','EBFE7F29','password',NULL),
	(185,'Eliana','Powell','elpowell@gmail.com','611FA004','password',NULL),
	(186,'Quinn','Long','qulong@gmail.com','312045BE','password',NULL),
	(187,'Nevaeh','Patterson','nepatterson@gmail.com','14E12121','password',NULL),
	(188,'Ivy','Hughes','ivhughes@gmail.com','7F9845D1','password',NULL),
	(189,'Sadie','Flores','saflores@gmail.com','A94357D3','password',NULL),
	(190,'Piper','Washington','piwashington@gmail.com','866D9593','password',NULL),
	(191,'Lydia','Butler','lybutler@gmail.com','A9523123','password',NULL),
	(192,'Alexa','Simmons','alsimmons@gmail.com','1F37B812','password',NULL),
	(193,'Josephine','Foster','jofoster@gmail.com','9D42605A','password',NULL),
	(194,'Emery','Gonzales','emgonzales@gmail.com','DA58677C','password',NULL),
	(195,'Julia','Bryant','jubryant@gmail.com','716F5BA7','password',NULL),
	(196,'Delilah','Alexander','dealexander@gmail.com','668BD00B','password',NULL),
	(197,'Arianna','Russell','arrussell@gmail.com','CC5986CD','password',NULL),
	(198,'Vivian','Griffin','vigriffin@gmail.com','595A4385','password',NULL),
	(199,'Kaylee','Diaz','kadiaz@gmail.com','07D131D2','password',57),
	(200,'Sophie','Hayes','sohayes@gmail.com','7D22AB3D','password',NULL),
	(201,'Brielle','Smith','brsmith@gmail.com','85214D31','password',NULL),
	(202,'Madeline','Johnson','majohnson@gmail.com','C7253539','password',NULL),
	(203,'Ace','Williams','awilliams@gmail.com','03D6F5F8','password',NULL),
	(204,'Madison','Jones','majones@gmail.com','586A0CC0','password',NULL),
	(205,'Liam','Brown','librown@gmail.com','9CF1440B','password',NULL),
	(206,'Noah','Davis','nodavis@gmail.com','57D8159F','password',NULL),
	(207,'William','Miller','wimiller@gmail.com','CB16F961','password',NULL),
	(208,'James','Wilson','jawilson@gmail.com','368BF497','password',NULL),
	(209,'Oliver','Moore','olmoore@gmail.com','2225F3E4','password',NULL),
	(210,'Benjamin','Taylor','betaylor@gmail.com','B9BFEA83','password',25),
	(211,'Elijah','Anderson','elanderson@gmail.com','CF4A8FCF','password',35),
	(212,'Lucas','Thomas','luthomas@gmail.com','6B994144','password',NULL),
	(213,'Mason','Jackson','majackson@gmail.com','DD0B5371','password',42),
	(214,'Logan','White','lowhite@gmail.com','4E3851AE','password',NULL),
	(215,'Alexander','Harris','alharris@gmail.com','56978EAF','password',NULL),
	(216,'Ethan','Martin','etmartin@gmail.com','96B465E4','password',NULL),
	(217,'Jacob','Thompson','jathompson@gmail.com','796DD18B','password',NULL),
	(218,'Michael','Garcia','migarcia@gmail.com','107CFC78','password',NULL),
	(219,'Daniel','Martinez','damartinez@gmail.com','06595C54','password',NULL),
	(220,'Henry','Robinson','herobinson@gmail.com','992E2E3B','password',NULL),
	(221,'Jackson','Clark','jaclark@gmail.com','B113EDE4','password',NULL),
	(222,'Sebastian','Rodriguez','serodriguez@gmail.com','F17E3DEC','password',20),
	(223,'Aiden','Lewis','ailewis@gmail.com','8ACB9362','password',NULL),
	(224,'Matthew','Lee','malee@gmail.com','35C69373','password',NULL),
	(225,'Samuel','Walker','sawalker@gmail.com','D5A26090','password',NULL),
	(226,'David','Hall','dahall@gmail.com','800AA6D9','password',NULL),
	(227,'Joseph','Allen','joallen@gmail.com','E0383025','password',NULL),
	(228,'Carter','Young','cayoung@gmail.com','1283A0B8','password',NULL),
	(229,'Owen','Hernandez','owhernandez@gmail.com','A6ACD350','password',NULL),
	(230,'Wyatt','King','wyking@gmail.com','8CDFB18A','password',NULL),
	(231,'John','Wright','jowright@gmail.com','F48B5392','password',19),
	(232,'Jack','Lopez','jalopez@gmail.com','F3D066D5','password',NULL),
	(233,'Luke','Hill','luhill@gmail.com','76F52A38','password',NULL),
	(234,'Jayden','Scott','jascott@gmail.com','1A737F0C','password',NULL),
	(235,'Dylan','Green','dygreen@gmail.com','926E923B','password',NULL),
	(236,'Grayson','Adams','gradams@gmail.com','6BD60223','password',NULL),
	(237,'Levi','Baker','lebaker@gmail.com','421B5A21','password',NULL),
	(238,'Isaac','Gonzalez','isgonzalez@gmail.com','5089A36A','password',NULL),
	(239,'Gabriel','Nelson','ganelson@gmail.com','C94DD57B','password',NULL),
	(240,'Julian','Carter','jucarter@gmail.com','E540ADAD','password',NULL),
	(241,'Mateo','Mitchell','mamitchell@gmail.com','7A3FD51F','password',11),
	(242,'Anthony','Perez','anperez@gmail.com','5BE501C0','password',NULL),
	(243,'Jaxon','Roberts','jaroberts@gmail.com','4FE7CB92','password',34),
	(244,'Lincoln','Turner','liturner@gmail.com','E4E2E87B','password',NULL),
	(245,'Joshua','Phillips','jophillips@gmail.com','035A7E8D','password',NULL),
	(246,'Christopher','Campbell','chcampbell@gmail.com','1AA8BA5F','password',NULL),
	(247,'Andrew','Parker','anparker@gmail.com','B14BE917','password',NULL),
	(248,'Theodore','Evans','thevans@gmail.com','99E8A946','password',NULL),
	(249,'Caleb','Edwards','caedwards@gmail.com','084836FD','password',NULL),
	(250,'Ryan','Collins','rycollins@gmail.com','363A24FA','password',NULL),
	(251,'Asher','Stewart','asstewart@gmail.com','6E67F827','password',1),
	(252,'Nathan','Sanchez','nasanchez@gmail.com','588CA4C6','password',NULL),
	(253,'Thomas','Morris','thmorris@gmail.com','13D0F2E5','password',NULL),
	(254,'Leo','Rogers','lerogers@gmail.com','D3B5DE63','password',NULL),
	(255,'Isaiah','Reed','isreed@gmail.com','A0873979','password',NULL),
	(256,'Charles','Cook','chcook@gmail.com','6781A074','password',45),
	(257,'Josiah','Morgan','jomorgan@gmail.com','1E286388','password',NULL),
	(258,'Hudson','Bell','hubell@gmail.com','5449E550','password',NULL),
	(259,'Christian','Murphy','chmurphy@gmail.com','1365150A','password',NULL),
	(260,'Hunter','Bailey','hubailey@gmail.com','9C81D652','password',NULL),
	(261,'Connor','Rivera','corivera@gmail.com','0DAB3035','password',63),
	(262,'Eli','Cooper','elcooper@gmail.com','B706C6FD','password',NULL),
	(263,'Ezra','Richardson','ezrichardson@gmail.com','3FB55B38','password',NULL),
	(264,'Aaron','Cox','aacox@gmail.com','A0B66C88','password',NULL),
	(265,'Landon','Howard','lahoward@gmail.com','7FDABD2B','password',NULL),
	(266,'Adrian','Ward','adward@gmail.com','0DF9D982','password',NULL),
	(267,'Jonathan','Torres','jotorres@gmail.com','09441339','password',NULL),
	(268,'Nolan','Peterson','nopeterson@gmail.com','59E8F700','password',NULL),
	(269,'Jeremiah','Gray','jegray@gmail.com','8DD98556','password',NULL),
	(270,'Easton','Ramirez','earamirez@gmail.com','20A28BD2','password',NULL),
	(271,'Elias','James','eljames@gmail.com','A60EDD63','password',64),
	(272,'Colton','Watson','cowatson@gmail.com','E1B10CEC','password',NULL),
	(273,'Cameron','Brooks','cabrooks@gmail.com','A5EA030F','password',NULL),
	(274,'Carson','Kelly','cakelly@gmail.com','C614BF5B','password',NULL),
	(275,'Robert','Sanders','rosanders@gmail.com','9DF9E3F3','password',NULL),
	(276,'Angel','Price','anprice@gmail.com','A80FED55','password',NULL),
	(277,'Maverick','Bennett','mabennett@gmail.com','81B227FF','password',NULL),
	(278,'Nicholas','Wood','niwood@gmail.com','B95A358D','password',NULL),
	(279,'Dominic','Barnes','dobarnes@gmail.com','650259AF','password',NULL),
	(280,'Jaxson','Ross','jaross@gmail.com','DB2C33E8','password',NULL),
	(281,'Greyson','Henderson','grhenderson@gmail.com','B7456486','password',65),
	(282,'Adam','Coleman','adcoleman@gmail.com','AAE50D13','password',NULL),
	(283,'Ian','Jenkins','iajenkins@gmail.com','AC108C3B','password',NULL),
	(284,'Austin','Perry','auperry@gmail.com','F21F9CB9','password',NULL),
	(285,'Santiago','Powell','sapowell@gmail.com','61374330','password',NULL),
	(286,'Jordan','Long','jolong@gmail.com','1A254CBF','password',NULL),
	(287,'Cooper','Patterson','copatterson@gmail.com','26CB83B0','password',NULL),
	(288,'Brayden','Hughes','brhughes@gmail.com','4508D8F7','password',NULL),
	(289,'Roman','Flores','roflores@gmail.com','E0388E33','password',NULL),
	(290,'Evan','Washington','evwashington@gmail.com','12938156','password',49),
	(291,'Ezekiel','Butler','ezbutler@gmail.com','2F1032F2','password',66),
	(292,'Xavier','Simmons','xasimmons@gmail.com','F0D373B0','password',NULL),
	(293,'Jose','Foster','jofoster@gmail.com','C7010915','password',NULL),
	(294,'Jace','Gonzales','jagonzales@gmail.com','3FC269AE','password',NULL),
	(295,'Jameson','Bryant','jabryant@gmail.com','60EE38F2','password',NULL),
	(296,'Leonardo','Alexander','lealexander@gmail.com','E167C68F','password',NULL),
	(297,'Bryson','Russell','brrussell@gmail.com','9787BA63','password',NULL),
	(298,'Axel','Griffin','axgriffin@gmail.com','EC49B33F','password',NULL),
	(299,'Everett','Diaz','evdiaz@gmail.com','044C309C','password',56),
	(300,'Parker','Hayes','pahayes@gmail.com','C134FDDC','password',NULL),
	(301,'Kayden','Smith','kasmith@gmail.com','16CBC1E3','password',NULL),
	(302,'Miles','Johnson','mijohnson@gmail.com','679BC59C','password',NULL),
	(303,'Sawyer','Williams','sawilliams@gmail.com','DB9591A8','password',NULL),
	(304,'Jason','Jones','jajones@gmail.com','B9472D24','password',NULL),
	(305,'Craig','Brown','crbrown@gmail.com','A2AFC293','password',NULL),
	(306,'Emma','Davis','emdavis@gmail.com','FF18A147','password',NULL),
	(307,'Olivia','Miller','olmiller@gmail.com','B91420C2','password',NULL),
	(308,'Ava','Wilson','avwilson@gmail.com','615B7336','password',NULL),
	(309,'Isabella','Moore','ismoore@gmail.com','23A9DBB0','password',NULL),
	(310,'Sophia','Taylor','sotaylor@gmail.com','2EEFC9E5','password',NULL),
	(311,'Charlotte','Anderson','chanderson@gmail.com','0ED6F09C','password',NULL),
	(312,'Mia','Thomas','mithomas@gmail.com','FBA42FE7','password',NULL),
	(313,'Amelia','Jackson','amjackson@gmail.com','EA4A2EB8','password',NULL),
	(314,'Harper','White','hawhite@gmail.com','EFA3435B','password',NULL),
	(315,'Evelyn','Harris','evharris@gmail.com','8748F108','password',NULL),
	(316,'Abigail','Martin','abmartin@gmail.com','1C2F4768','password',NULL),
	(317,'Emily','Thompson','emthompson@gmail.com','06D9FADD','password',NULL),
	(318,'Elizabeth','Garcia','elgarcia@gmail.com','0D3D9F5C','password',NULL),
	(319,'Mila','Martinez','mimartinez@gmail.com','96D911C1','password',NULL),
	(320,'Ella','Robinson','elrobinson@gmail.com','28207728','password',NULL),
	(321,'Avery','Clark','avclark@gmail.com','6F9543E0','password',NULL),
	(322,'Sofia','Rodriguez','sorodriguez@gmail.com','458D18F9','password',50),
	(323,'Camila','Lewis','calewis@gmail.com','E155F130','password',NULL),
	(324,'Aria','Lee','arlee@gmail.com','AD31BA9D','password',NULL),
	(325,'Scarlett','Walker','scwalker@gmail.com','98410ABB','password',NULL),
	(326,'Victoria','Hall','vihall@gmail.com','82F5C09B','password',NULL),
	(327,'Madison','Allen','maallen@gmail.com','3FDF1CE7','password',NULL),
	(328,'Luna','Young','luyoung@gmail.com','6E2BBF07','password',NULL),
	(329,'Grace','Hernandez','grhernandez@gmail.com','F4201621','password',NULL),
	(330,'Chloe','King','chking@gmail.com','E9ACB9E8','password',NULL),
	(331,'Penelope','Wright','pewright@gmail.com','2E8DE33D','password',NULL),
	(332,'Layla','Lopez','lalopez@gmail.com','25486904','password',NULL),
	(333,'Riley','Hill','rihill@gmail.com','39884BE4','password',NULL),
	(334,'Zoey','Scott','zoscott@gmail.com','956E86CE','password',NULL),
	(335,'Nora','Green','nogreen@gmail.com','6B37B25F','password',NULL),
	(336,'Lily','Adams','liadams@gmail.com','69B1682C','password',NULL),
	(337,'Eleanor','Baker','elbaker@gmail.com','249A97D3','password',NULL),
	(338,'Hannah','Gonzalez','hagonzalez@gmail.com','D6026602','password',NULL),
	(339,'Lillian','Nelson','linelson@gmail.com','98EC0AEA','password',NULL),
	(340,'Addison','Carter','adcarter@gmail.com','D98CDBC9','password',NULL),
	(341,'Aubrey','Mitchell','aumitchell@gmail.com','E4DF65CC','password',NULL),
	(342,'Ellie','Perez','elperez@gmail.com','711CBCE4','password',NULL),
	(343,'Stella','Roberts','stroberts@gmail.com','CE0FFDDC','password',NULL),
	(344,'Natalie','Turner','naturner@gmail.com','A64A0758','password',NULL),
	(345,'Zoe','Phillips','zophillips@gmail.com','57C9A962','password',NULL),
	(346,'Leah','Campbell','lecampbell@gmail.com','F072961B','password',NULL),
	(347,'Hazel','Parker','haparker@gmail.com','0D393F2E','password',NULL),
	(348,'Violet','Evans','vievans@gmail.com','E5201760','password',NULL),
	(349,'Aurora','Edwards','auedwards@gmail.com','B062761E','password',NULL),
	(350,'Savannah','Collins','sacollins@gmail.com','4B102CF4','password',NULL),
	(351,'Audrey','Stewart','austewart@gmail.com','CB2AC515','password',NULL),
	(352,'Brooklyn','Sanchez','brsanchez@gmail.com','91F0F5AC','password',NULL),
	(353,'Bella','Morris','bemorris@gmail.com','329F2965','password',NULL),
	(354,'Claire','Rogers','clrogers@gmail.com','49448A7D','password',NULL),
	(355,'Skylar','Reed','skreed@gmail.com','CE94F8EC','password',NULL),
	(356,'Lucy','Cook','lucook@gmail.com','07022D7A','password',NULL),
	(357,'Paisley','Morgan','pamorgan@gmail.com','372420DC','password',NULL),
	(358,'Everly','Bell','evbell@gmail.com','DAB431A5','password',NULL),
	(359,'Anna','Murphy','anmurphy@gmail.com','E87B778B','password',NULL),
	(360,'Caroline','Bailey','cabailey@gmail.com','C83DE00E','password',NULL),
	(361,'Nova','Rivera','norivera@gmail.com','C276048D','password',NULL),
	(362,'Genesis','Cooper','gecooper@gmail.com','3664DBF8','password',NULL),
	(363,'Emilia','Richardson','emrichardson@gmail.com','3E6262A9','password',NULL),
	(364,'Kennedy','Cox','kecox@gmail.com','E4EDCAA3','password',NULL),
	(365,'Samantha','Howard','sahoward@gmail.com','98DB9FA0','password',NULL),
	(366,'Maya','Ward','maward@gmail.com','04D44619','password',NULL),
	(367,'Willow','Torres','witorres@gmail.com','21A53FC9','password',NULL),
	(368,'Kinsley','Peterson','kipeterson@gmail.com','DF2258B2','password',NULL),
	(369,'Naomi','Gray','nagray@gmail.com','DE7246CF','password',NULL),
	(370,'Aaliyah','Ramirez','aaramirez@gmail.com','046C0BDF','password',NULL),
	(371,'Elena','James','eljames@gmail.com','B9996A3F','password',NULL),
	(372,'Sarah','Watson','sawatson@gmail.com','FC37C94F','password',NULL),
	(373,'Ariana','Brooks','arbrooks@gmail.com','0136D31F','password',NULL),
	(374,'Allison','Kelly','alkelly@gmail.com','90E49575','password',NULL),
	(375,'Gabriella','Sanders','gasanders@gmail.com','185E123E','password',NULL),
	(376,'Alice','Price','alprice@gmail.com','1E2B648D','password',NULL),
	(377,'Madelyn','Bennett','mabennett@gmail.com','E10528F6','password',NULL),
	(378,'Cora','Wood','cowood@gmail.com','36691348','password',NULL),
	(379,'Ruby','Barnes','rubarnes@gmail.com','AC7BCE93','password',NULL),
	(380,'Eva','Ross','evross@gmail.com','C9B2BF25','password',NULL),
	(381,'Serenity','Henderson','sehenderson@gmail.com','E7D051B1','password',55),
	(382,'Autumn','Coleman','aucoleman@gmail.com','018E8B2E','password',NULL),
	(383,'Adeline','Jenkins','adjenkins@gmail.com','63B5BCD2','password',NULL),
	(384,'Hailey','Perry','haperry@gmail.com','C9470E55','password',NULL),
	(385,'Gianna','Powell','gipowell@gmail.com','0A9522D5','password',NULL),
	(386,'Valentina','Long','valong@gmail.com','8D6FF3C6','password',NULL),
	(387,'Isla','Patterson','ispatterson@gmail.com','3DAE31DC','password',NULL),
	(388,'Eliana','Hughes','elhughes@gmail.com','F1968E2F','password',54),
	(389,'Quinn','Flores','quflores@gmail.com','79C97816','password',NULL),
	(390,'Nevaeh','Washington','newashington@gmail.com','E981631D','password',NULL),
	(391,'Ivy','Butler','ivbutler@gmail.com','7F40F978','password',NULL),
	(392,'Sadie','Simmons','sasimmons@gmail.com','E80DF42E','password',NULL),
	(393,'Piper','Foster','pifoster@gmail.com','1E49FA40','password',NULL),
	(394,'Lydia','Gonzales','lygonzales@gmail.com','50EC47E0','password',NULL),
	(395,'Alexa','Bryant','albryant@gmail.com','31B527DF','password',NULL),
	(396,'Josephine','Alexander','joalexander@gmail.com','706BF52B','password',NULL),
	(397,'Emery','Russell','emrussell@gmail.com','DE087999','password',NULL),
	(398,'Julia','Griffin','jugriffin@gmail.com','5586B915','password',NULL),
	(399,'Delilah','Diaz','dediaz@gmail.com','1B287A45','password',NULL),
	(400,'Arianna','Hayes','arhayes@gmail.com','B290D85E','password',NULL),
	(401,'Vivian','Smith','vismith@gmail.com','09FCD3C4','password',NULL),
	(402,'Kaylee','Johnson','kajohnson@gmail.com','90B7D0D5','password',NULL),
	(403,'Sophie','Williams','sowilliams@gmail.com','E7D646DB','password',NULL),
	(404,'Brielle','Jones','brjones@gmail.com','1DFC1E3A','password',NULL),
	(405,'Madeline','Brown','mabrown@gmail.com','451A6F7E','password',NULL),
	(406,'George','Davis','gedavis@gmail.com','24DB1960','password',NULL),
	(407,'Madison','Miller','mamiller@gmail.com','CE1BFD68','password',NULL),
	(408,'Liam','Wilson','liwilson@gmail.com','0CAA3229','password',NULL),
	(409,'Noah','Moore','nomoore@gmail.com','AA4C41BB','password',NULL),
	(410,'William','Taylor','witaylor@gmail.com','59F5094A','password',NULL),
	(411,'James','Anderson','jaanderson@gmail.com','915D375A','password',NULL),
	(412,'Oliver','Thomas','olthomas@gmail.com','0B443081','password',NULL),
	(413,'Benjamin','Jackson','bejackson@gmail.com','F5B9691B','password',NULL),
	(414,'Elijah','White','elwhite@gmail.com','68CA9044','password',NULL),
	(415,'Lucas','Harris','luharris@gmail.com','6A2959F2','password',NULL),
	(416,'Mason','Martin','mamartin@gmail.com','B8D3BBEB','password',NULL),
	(417,'Logan','Thompson','lothompson@gmail.com','FBD4548F','password',NULL),
	(418,'Alexander','Garcia','algarcia@gmail.com','17ADB3D7','password',NULL),
	(419,'Ethan','Martinez','etmartinez@gmail.com','0444C44A','password',NULL),
	(420,'Jacob','Robinson','jarobinson@gmail.com','846CDFAE','password',NULL),
	(421,'Michael','Clark','miclark@gmail.com','C6F67C82','password',NULL),
	(422,'Daniel','Rodriguez','darodriguez@gmail.com','24913B15','password',NULL),
	(423,'Henry','Lewis','helewis@gmail.com','75779226','password',NULL),
	(424,'Jackson','Lee','jalee@gmail.com','2B80055D','password',NULL),
	(425,'Sebastian','Walker','sewalker@gmail.com','4A8AAB61','password',NULL),
	(426,'Aiden','Hall','aihall@gmail.com','98356BB7','password',NULL),
	(427,'Matthew','Allen','maallen@gmail.com','CA43EAB4','password',NULL),
	(428,'Samuel','Young','sayoung@gmail.com','BFC5FA47','password',NULL),
	(429,'David','Hernandez','dahernandez@gmail.com','B907D5BC','password',NULL),
	(430,'Joseph','King','joking@gmail.com','067FD64C','password',NULL),
	(431,'Carter','Wright','cawright@gmail.com','87E5E1D4','password',NULL),
	(432,'Owen','Lopez','owlopez@gmail.com','27F8023E','password',NULL),
	(433,'Wyatt','Hill','wyhill@gmail.com','303E8357','password',NULL),
	(434,'John','Scott','joscott@gmail.com','70503368','password',NULL),
	(435,'Jack','Green','jagreen@gmail.com','4D3EE94D','password',NULL),
	(436,'Luke','Adams','luadams@gmail.com','82C5FC91','password',NULL),
	(437,'Jayden','Baker','jabaker@gmail.com','9DBAC703','password',NULL),
	(438,'Dylan','Gonzalez','dygonzalez@gmail.com','F3644F0C','password',NULL),
	(439,'Grayson','Nelson','grnelson@gmail.com','8E8ECFAF','password',NULL),
	(440,'Levi','Carter','lecarter@gmail.com','8FBC9984','password',NULL),
	(441,'Isaac','Mitchell','ismitchell@gmail.com','733CC7D6','password',NULL),
	(442,'Gabriel','Perez','gaperez@gmail.com','B51D0658','password',NULL),
	(443,'Julian','Roberts','juroberts@gmail.com','421C5221','password',NULL),
	(444,'Mateo','Turner','maturner@gmail.com','460D9E22','password',NULL),
	(445,'Anthony','Phillips','anphillips@gmail.com','0189D93A','password',NULL),
	(446,'Jaxon','Campbell','jacampbell@gmail.com','7D365337','password',NULL),
	(447,'Lincoln','Parker','liparker@gmail.com','362F3C33','password',NULL),
	(448,'Joshua','Evans','joevans@gmail.com','0D6C3845','password',NULL),
	(449,'Christopher','Edwards','chedwards@gmail.com','16182291','password',NULL),
	(450,'Andrew','Collins','ancollins@gmail.com','45C468A2','password',NULL),
	(451,'Theodore','Stewart','thstewart@gmail.com','B2FE18E9','password',46),
	(452,'Caleb','Sanchez','casanchez@gmail.com','A16F6386','password',NULL),
	(453,'Ryan','Morris','rymorris@gmail.com','C656DA9E','password',NULL),
	(454,'Asher','Rogers','asrogers@gmail.com','9E07E00B','password',NULL),
	(455,'Nathan','Reed','nareed@gmail.com','FD717224','password',NULL),
	(456,'Thomas','Cook','thcook@gmail.com','842C5E01','password',NULL),
	(457,'Leo','Morgan','lemorgan@gmail.com','29950BD5','password',NULL),
	(458,'Isaiah','Bell','isbell@gmail.com','1DEAF5BE','password',NULL),
	(459,'Charles','Murphy','chmurphy@gmail.com','49DEA335','password',NULL),
	(460,'Josiah','Bailey','jobailey@gmail.com','08FB2CE4','password',NULL),
	(461,'Hudson','Rivera','hurivera@gmail.com','20C8F08F','password',NULL),
	(462,'Christian','Cooper','chcooper@gmail.com','5039D414','password',NULL),
	(463,'Hunter','Richardson','hurichardson@gmail.com','B01C36EF','password',NULL),
	(464,'Connor','Cox','cocox@gmail.com','6C972F8C','password',NULL),
	(465,'Eli','Howard','elhoward@gmail.com','31B9D959','password',NULL),
	(466,'Ezra','Ward','ezward@gmail.com','69E7F19C','password',NULL),
	(467,'Aaron','Torres','aatorres@gmail.com','BC91D996','password',61),
	(468,'Landon','Peterson','lapeterson@gmail.com','240DC6B2','password',NULL),
	(469,'Adrian','Gray','adgray@gmail.com','E94EA656','password',NULL),
	(470,'Jonathan','Ramirez','joramirez@gmail.com','DCF47CCD','password',NULL),
	(471,'Nolan','James','nojames@gmail.com','4C25D982','password',NULL),
	(472,'Jeremiah','Watson','jewatson@gmail.com','882D05DD','password',NULL),
	(473,'Easton','Brooks','eabrooks@gmail.com','2F02CF9A','password',NULL),
	(474,'Elias','Kelly','elkelly@gmail.com','55BFD8E1','password',NULL),
	(475,'Colton','Sanders','cosanders@gmail.com','7B2A36D5','password',NULL),
	(476,'Cameron','Price','caprice@gmail.com','47647A0B','password',NULL),
	(477,'Carson','Bennett','cabennett@gmail.com','71C3FDA0','password',NULL),
	(478,'Robert','Wood','rowood@gmail.com','F9E42990','password',NULL),
	(479,'Angel','Barnes','anbarnes@gmail.com','91AB440E','password',NULL),
	(480,'Maverick','Ross','maross@gmail.com','9449FDB1','password',NULL),
	(481,'Nicholas','Henderson','nihenderson@gmail.com','9CBA31A3','password',NULL),
	(482,'Dominic','Coleman','docoleman@gmail.com','CFE2F021','password',NULL),
	(483,'Jaxson','Jenkins','jajenkins@gmail.com','01C1D77C','password',59),
	(484,'Greyson','Perry','grperry@gmail.com','DB349C45','password',NULL),
	(485,'Adam','Powell','adpowell@gmail.com','50BC7E75','password',NULL),
	(486,'Ian','Long','ialong@gmail.com','0F39B85F','password',NULL),
	(487,'Austin','Patterson','aupatterson@gmail.com','BECB0A2B','password',51),
	(488,'Santiago','Hughes','sahughes@gmail.com','E59F8856','password',NULL),
	(489,'Jordan','Flores','joflores@gmail.com','F5745038','password',NULL),
	(490,'Cooper','Washington','cowashington@gmail.com','B8AFD430','password',NULL),
	(491,'Brayden','Butler','brbutler@gmail.com','6EA78A26','password',NULL),
	(492,'Roman','Simmons','rosimmons@gmail.com','B6471EC7','password',NULL),
	(493,'Evan','Foster','evfoster@gmail.com','D371463E','password',NULL),
	(494,'Ezekiel','Gonzales','ezgonzales@gmail.com','3EEF287E','password',NULL),
	(495,'Xavier','Bryant','xabryant@gmail.com','386479A6','password',NULL),
	(496,'Jose','Alexander','joalexander@gmail.com','1531FBBA','password',NULL),
	(497,'Jace','Russell','jarussell@gmail.com','8EAF9A18','password',NULL),
	(498,'Jameson','Griffin','jagriffin@gmail.com','37BA09FE','password',NULL),
	(499,'Leonardo','Diaz','lediaz@gmail.com','3DEFE078','password',53),
	(500,'Bryson','Hayes','brhayes@gmail.com','B7181ED8','password',NULL),
	(501,'David','Duenas','dizzyhitz@fullsail.edu','dduenas','password',NULL),
	(502,'admin','admin','admin@admin.com','admin','admin',233);

/*!40000 ALTER TABLE `users` ENABLE KEYS */;
UNLOCK TABLES;



/*!40111 SET SQL_NOTES=@OLD_SQL_NOTES */;
/*!40101 SET SQL_MODE=@OLD_SQL_MODE */;
/*!40014 SET FOREIGN_KEY_CHECKS=@OLD_FOREIGN_KEY_CHECKS */;
/*!40101 SET CHARACTER_SET_CLIENT=@OLD_CHARACTER_SET_CLIENT */;
/*!40101 SET CHARACTER_SET_RESULTS=@OLD_CHARACTER_SET_RESULTS */;
/*!40101 SET COLLATION_CONNECTION=@OLD_COLLATION_CONNECTION */;
